customer_id,signup_date,age,income_k,region,acquisition_channel,web_visits_month,loyalty_years,satisfaction,annual_spend,churned
1001,2024-04-25,40,67.3,North,Email,14,9.5,3.0,3283.2,0
1002,2025-01-28,30,,North,Referral,9,9.9,10.0,2697.55,0
1003,2024-10-22,40,104.6,West,Direct Mail,27,8.2,7.0,4099.33,0
1004,2025-07-28,56,66.1,West,Search,11,0.7,10.0,2757.67,0
1005,2024-01-08,22,41.4,West,Email,2,7.3,5.0,1299.5,1
1006,2025-10-12,22,104.6,West,Social,29,1.9,5.0,3875.29,1
1007,2024-05-04,33,81.6,East,Affiliate,15,5.8,8.0,3433.13,1
1008,2024-10-15,41,57.3,North,Email,24,9.0,8.0,2626.87,0
1009,2024-09-17,35,35.8,North,Search,12,3.9,8.0,2250.2,1
1010,2025-11-05,49,52.9,South,Direct Mail,15,9.3,,2738.87,0
1011,2025-06-09,54,69.7,East,Search,19,7.1,6.0,3341.42,0
1012,2024-01-27,44,97.7,North,Search,25,3.1,4.0,3976.76,0
1013,2025-09-14,48,71.9,West,Social,9,1.1,8.0,3184.51,0
1014,2025-05-08,44,103.9,East,Direct Mail,22,8.2,5.0,4095.23,0
1015,2024-02-19,41,63.5,South,Social,12,4.7,5.0,2777.06,0
1016,2025-07-24,25,43.4,West,Referral,3,0.9,6.0,2208.71,0
1017,2024-01-25,29,66.0,East,Social,21,1.2,8.0,3420.96,0
1018,2024-11-06,25,44.2,East,Search,5,9.7,10.0,2436.74,0
1019,2024-04-28,39,99.6,South,Referral,28,2.6,9.0,3647.62,0
1020,2024-01-09,44,69.6,South,Social,11,9.7,,3061.82,0
1021,2025-02-12,24,61.9,North,Social,20,6.9,8.0,2718.02,0
1022,2025-05-16,42,61.5,South,Email,13,3.1,8.0,2560.28,0
1023,2024-12-16,30,121.6,East,Referral,27,4.0,10.0,4395.48,0
1024,2024-09-07,28,112.7,West,Search,19,7.8,5.0,4124.92,0
1025,2025-01-09,33,72.4,West,Email,23,4.5,6.0,3646.35,0
1026,2024-04-20,28,52.8,North,Referral,6,0.9,6.0,1835.37,0
1027,2024-02-06,48,75.7,West,Direct Mail,11,2.5,9.0,3720.62,0
1028,2024-04-24,39,41.3,North,Referral,3,8.6,5.0,2573.23,1
1029,2024-02-09,51,44.1,North,Search,6,7.0,8.0,2443.92,1
1030,2025-07-15,36,70.4,East,Affiliate,17,5.1,8.0,3301.41,0
1031,2025-03-20,36,67.3,West,Referral,19,2.6,8.0,3273.31,0
1032,2024-05-16,63,114.8,West,Email,27,4.9,8.0,3952.6,0
1033,2025-02-20,22,46.9,West,Affiliate,6,7.9,10.0,1965.4,0
1034,2024-12-19,56,64.4,North,Social,9,1.0,7.0,2422.49,0
1035,2024-03-22,61,62.7,North,Direct Mail,19,9.9,8.0,2356.55,0
1036,2025-12-09,50,39.5,North,Search,1,8.6,6.0,2818.4,0
1037,2025-11-15,37,45.8,East,Search,8,3.3,5.0,2695.55,0
1038,2025-07-07,58,56.8,South,Social,18,8.7,10.0,2624.36,0
1039,2025-08-13,37,44.0,North,Email,5,6.9,6.0,2327.56,0
1040,2025-02-03,33,67.2,South,Email,13,6.7,8.0,2508.73,0
1041,2025-08-09,36,59.1,South,Search,8,1.6,8.0,2443.56,1
1042,2025-01-20,34,101.8,East,Referral,35,9.1,9.0,4359.51,0
1043,2024-05-01,30,73.0,South,Email,10,4.6,4.0,2659.87,0
1044,2024-05-02,54,34.6,South,Email,7,8.1,9.0,1779.83,0
1045,2025-09-15,32,100.8,East,Search,29,3.1,7.0,4279.07,0
1046,2024-11-21,41,99.9,East,Email,25,3.2,,4276.72,0
1047,2025-06-16,24,67.9,North,Email,23,9.7,7.0,2885.16,0
1048,2024-04-15,41,35.7,North,Email,7,5.1,9.0,2424.66,0
1049,2024-11-22,27,69.3,West,Search,8,0.8,8.0,2713.81,0
1050,2024-03-02,27,42.3,East,Search,5,8.4,7.0,2226.24,1
1051,2024-06-10,40,40.4,North,Referral,7,2.4,5.0,2720.24,0
1052,2024-03-20,54,40.0,South,Social,3,8.8,5.0,1776.76,1
1053,2024-05-31,46,71.8,East,Email,16,9.2,8.0,2978.66,0
1054,2025-03-18,47,68.1,North,Referral,9,0.9,5.0,3150.19,0
1055,2024-01-04,39,61.7,North,Affiliate,9,5.9,7.0,2663.72,1
1056,2024-05-21,37,69.0,West,Social,9,9.8,10.0,2767.44,0
1057,2025-05-19,50,67.4,South,Referral,11,9.3,8.0,3055.96,1
1058,2024-04-19,34,57.3,North,Search,10,5.3,8.0,2619.16,1
1059,2025-02-09,51,39.8,East,Referral,6,6.9,5.0,2219.02,1
1060,2025-09-25,56,28.9,South,Social,3,6.1,5.0,2240.09,1
1061,2025-07-23,31,47.2,East,Email,18,2.2,8.0,2329.57,0
1062,2024-03-30,33,69.6,South,Email,15,6.6,6.0,2790.21,0
1063,2024-04-17,34,64.2,North,Search,13,3.5,9.0,2371.39,0
1064,2025-05-30,23,78.5,North,Referral,20,3.5,7.0,2986.92,0
1065,2024-09-09,35,64.1,West,Social,11,4.3,10.0,2770.26,0
1066,2024-10-31,57,73.3,East,Email,15,8.6,6.0,3549.16,1
1067,2024-12-14,28,64.8,West,Email,7,2.5,8.0,2673.88,0
1068,2025-02-26,57,38.8,North,Search,5,2.7,6.0,2498.31,0
1069,2024-11-23,36,42.0,East,Referral,4,0.3,9.0,2393.47,0
1070,2024-01-18,66,64.3,South,Social,13,1.7,8.0,1947.62,1
1071,2024-03-09,33,38.7,East,Search,6,9.8,5.0,2462.7,0
1072,2024-01-01,39,60.1,South,Social,16,4.5,7.0,2672.49,1
1073,2024-07-12,30,104.1,East,Referral,25,2.1,10.0,3622.19,0
1074,2025-08-19,33,36.3,North,Referral,2,9.7,9.0,1751.75,0
1075,2025-12-10,57,47.8,North,Email,5,0.5,5.0,2153.5,1
1076,2024-12-13,47,46.2,East,Search,8,4.9,6.0,3160.35,1
1077,2024-01-20,53,42.6,North,Referral,7,8.1,10.0,2532.69,0
1078,2024-02-22,25,57.0,North,Direct Mail,18,7.8,7.0,2406.34,1
1079,2025-08-17,49,60.0,West,Search,15,2.1,8.0,3136.38,0
1080,2024-09-07,29,73.3,North,Email,12,7.1,9.0,2370.29,0
1081,2025-10-05,25,72.0,East,Social,9,6.3,5.0,2767.87,0
1082,2025-01-04,44,68.8,West,Search,19,6.8,5.0,3397.06,0
1083,2025-10-03,44,,East,Email,36,2.8,7.0,4974.4,0
1084,2024-04-08,42,,North,Affiliate,5,8.1,9.0,2046.57,1
1085,2025-09-18,50,40.8,South,Email,4,5.7,9.0,2104.64,0
1086,2025-02-02,51,42.7,South,Referral,4,7.3,8.0,2233.26,0
1087,2024-11-15,59,90.9,South,Social,12,9.4,7.0,3183.32,0
1088,2025-01-20,27,70.9,East,Email,16,8.6,9.0,3321.21,0
1089,2024-08-26,59,50.8,West,Social,5,7.9,7.0,2530.41,0
1090,2025-03-16,64,64.1,North,Search,13,3.0,8.0,2756.32,0
1091,2025-07-16,37,44.5,North,Referral,6,0.7,9.0,2810.07,0
1092,2025-08-14,21,63.2,East,Social,18,5.8,10.0,2911.5,0
1093,2025-12-15,24,59.3,South,Email,14,0.5,7.0,2704.45,0
1094,2024-10-28,35,56.4,East,Direct Mail,18,7.2,7.0,2878.85,0
1095,2025-07-15,65,50.7,North,Search,8,7.4,10.0,1784.12,0
1096,2025-10-10,41,70.2,North,Email,11,5.7,10.0,3035.88,0
1097,2024-01-13,34,71.0,East,Referral,14,1.8,6.0,3221.54,1
1098,2024-12-12,33,38.1,West,Email,7,8.8,5.0,2625.2,0
1099,2025-05-26,25,41.6,North,Email,5,6.0,9.0,1630.14,0
1100,2024-11-29,51,108.1,West,Social,19,5.2,,4103.64,0
1101,2024-03-14,40,110.2,South,Search,16,5.8,4.0,3957.75,0
1102,2025-04-23,66,72.2,North,Social,15,1.0,7.0,2780.63,0
1103,2024-10-23,49,41.5,South,Direct Mail,4,7.5,7.0,2094.35,0
1104,2025-03-26,51,115.3,North,Email,28,0.8,5.0,4447.78,0
1105,2024-01-01,38,56.7,East,Affiliate,15,5.9,7.0,3341.77,0
1106,2024-01-09,28,52.2,South,Email,6,1.9,7.0,2512.49,0
1107,2025-03-16,31,65.9,South,Email,12,2.2,6.0,2630.28,0
1108,2025-12-18,25,36.5,North,Email,2,2.5,10.0,1545.63,0
1109,2025-04-11,52,43.4,West,Email,4,0.3,8.0,2816.58,0
1110,2025-11-19,36,104.9,West,Social,28,8.9,9.0,3880.82,0
1111,2025-09-10,52,68.4,South,Referral,13,8.1,4.0,3325.15,0
1112,2024-07-24,43,38.5,South,Referral,5,0.5,4.0,2450.03,1
1113,2024-03-15,37,50.6,West,Search,11,0.8,8.0,3065.99,0
1114,2025-02-11,27,71.3,North,Email,19,7.9,10.0,3088.35,0
1115,2025-03-28,45,41.1,West,Referral,8,0.3,5.0,1937.7,1
1116,2025-07-16,38,107.8,South,Social,27,4.8,7.0,3701.23,0
1117,2025-01-15,52,69.3,West,Search,10,1.3,,3175.19,0
1118,2025-11-02,32,76.2,South,Search,14,6.0,6.0,2737.53,1
1119,2025-09-08,48,74.2,South,Email,17,10.0,7.0,3017.23,0
1120,2025-03-03,61,,South,Social,17,1.9,6.0,2851.68,0
1121,2025-02-06,44,,North,Direct Mail,11,9.6,5.0,2915.61,0
1122,2024-01-14,50,63.0,North,Email,13,8.7,5.0,2628.05,0
1123,2025-07-24,48,40.3,West,Search,5,9.9,4.0,2637.67,0
1124,2025-05-11,64,69.6,North,Direct Mail,8,7.7,8.0,2788.27,0
1125,2025-10-16,45,42.1,North,Social,5,8.6,8.0,2300.21,0
1126,2024-03-08,49,69.1,North,Social,16,6.0,8.0,3327.08,0
1127,2024-04-16,41,43.1,South,Social,6,8.7,5.0,2230.86,0
1128,2025-05-04,32,38.1,South,Referral,8,1.3,9.0,2313.15,1
1129,2024-12-23,27,49.4,North,Social,7,7.5,8.0,2251.66,0
1130,2025-03-04,56,75.0,East,Social,16,6.4,,3759.42,0
1131,2024-11-13,29,45.0,West,Email,9,0.8,7.0,1826.8,0
1132,2025-04-12,50,129.2,North,Affiliate,25,3.1,6.0,4736.8,1
1133,2025-04-25,46,80.3,East,Referral,11,2.3,7.0,3459.36,0
1134,2024-05-18,52,48.8,South,Search,3,4.2,10.0,2025.05,0
1135,2025-07-09,35,54.3,South,Direct Mail,15,2.1,9.0,2824.56,1
1136,2024-12-26,32,45.6,West,Search,6,2.9,7.0,2597.16,0
1137,2025-02-24,46,117.6,West,Direct Mail,20,3.1,8.0,3863.72,0
1138,2025-03-27,37,65.8,South,Email,17,6.1,5.0,3037.18,1
1139,2025-06-27,26,63.9,South,Email,6,1.5,8.0,2448.48,0
1140,2024-08-07,64,33.9,South,Referral,5,2.6,6.0,1447.0,1
1141,2024-01-05,32,59.6,South,Social,14,3.3,8.0,2330.82,0
1142,2024-05-12,29,61.6,East,Social,14,4.6,10.0,2515.6,1
1143,2025-12-06,38,95.2,North,Search,23,0.6,6.0,3714.44,0
1144,2024-06-11,56,71.1,West,Search,18,10.0,10.0,3159.25,0
1145,2024-07-01,18,72.0,East,Social,19,3.1,8.0,2953.02,0
1146,2025-09-18,55,35.1,North,Social,7,3.0,6.0,2216.99,0
1147,2024-06-21,30,40.6,West,Social,5,5.6,6.0,1902.62,1
1148,2024-12-05,44,71.9,East,Email,10,8.6,10.0,3421.11,0
1149,2024-09-27,33,65.9,South,Email,7,4.7,8.0,2521.3,0
1150,2025-04-27,65,48.8,South,Social,3,2.6,6.0,1643.3,1
1151,2025-03-10,42,103.2,West,Referral,18,5.7,7.0,3608.93,0
1152,2025-01-10,33,95.1,West,Social,23,4.9,8.0,3950.2,0
1153,2025-01-01,37,36.1,South,Social,4,4.3,7.0,2079.81,0
1154,2025-08-31,42,72.4,East,Search,12,9.8,8.0,3541.36,0
1155,2025-02-28,43,42.0,West,Email,8,10.0,10.0,2312.21,0
1156,2025-01-06,46,61.5,West,Social,10,5.7,5.0,3015.68,1
1157,2025-10-09,41,40.6,North,Email,7,0.9,8.0,1991.56,0
1158,2024-03-09,24,67.8,South,Search,16,5.8,7.0,2218.29,0
1159,2025-08-31,37,69.5,West,Email,19,9.5,6.0,3247.32,0
1160,2024-05-24,48,,North,Social,18,9.3,9.0,3618.41,0
1161,2024-08-30,33,41.4,South,Search,9,2.3,4.0,1660.86,1
1162,2024-01-10,49,96.3,East,Referral,30,2.1,3.0,3967.59,1
1163,2025-02-21,41,29.4,South,Search,1,1.7,7.0,1719.75,1
1164,2025-08-30,38,36.6,East,Direct Mail,7,8.2,7.0,2724.21,0
1165,2024-10-05,55,86.7,North,Search,14,5.0,5.0,3196.74,0
1166,2025-04-29,20,65.0,East,Social,9,3.5,4.0,2558.55,1
1167,2024-10-13,33,97.5,South,Email,34,3.4,10.0,3832.35,0
1168,2025-07-08,56,98.7,West,Email,26,2.9,8.0,3891.68,0
1169,2025-12-30,63,49.7,South,Email,3,8.8,7.0,2054.64,0
1170,2025-06-05,68,120.2,North,Email,25,4.2,10.0,3549.52,0
1171,2024-09-05,42,42.2,West,Social,5,2.6,9.0,2275.7,0
1172,2025-08-24,46,70.6,East,Search,18,7.2,10.0,3848.33,0
1173,2024-01-28,51,42.0,South,Search,3,6.4,5.0,2503.19,1
1174,2025-12-21,56,102.7,North,Social,26,7.2,5.0,4173.76,0
1175,2025-09-04,45,28.1,East,Social,3,8.3,8.0,2557.05,0
1176,2025-04-22,52,30.0,West,Email,3,1.2,8.0,1630.06,0
1177,2025-03-29,47,71.2,South,Social,11,0.2,9.0,2683.29,0
1178,2024-07-03,47,100.2,West,Social,26,0.7,4.0,4027.06,0
1179,2024-11-10,30,109.5,South,Social,26,7.1,8.0,4430.07,0
1180,2024-03-15,37,,East,Email,16,9.4,9.0,3065.15,0
1181,2024-09-04,35,103.6,South,Affiliate,33,3.4,9.0,4125.63,0
1182,2025-03-06,27,126.3,North,Social,20,7.9,6.0,4236.53,0
1183,2024-09-21,21,69.0,West,Search,11,7.3,8.0,2630.54,0
1184,2025-07-16,36,43.1,North,Email,13,9.8,6.0,2435.28,0
1185,2025-09-14,38,73.9,West,Email,14,4.8,6.0,2949.59,1
1186,2025-02-13,42,61.2,North,Social,16,1.8,5.0,2269.9,0
1187,2024-09-05,48,59.4,North,Direct Mail,13,7.7,6.0,3214.88,0
1188,2024-08-09,43,46.2,West,Email,6,8.2,7.0,2397.66,0
1189,2025-02-03,38,,East,Social,4,7.1,6.0,2731.95,0
1190,2025-06-09,30,42.0,North,Affiliate,6,8.7,6.0,2250.87,0
1191,2024-04-02,52,101.8,East,Social,16,3.8,5.0,4187.29,0
1192,2024-11-23,40,27.3,North,Social,8,7.0,10.0,2264.25,0
1193,2024-11-17,36,33.5,West,Search,4,2.8,6.0,2448.29,1
1194,2024-07-28,39,104.4,North,Social,24,4.6,8.0,3797.81,0
1195,2024-06-22,32,39.8,South,Direct Mail,11,2.6,4.0,1830.9,1
1196,2025-09-05,35,40.5,North,Email,8,1.7,9.0,2190.89,1
1197,2024-11-11,34,73.1,East,Referral,14,0.6,7.0,3540.03,0
1198,2025-02-24,38,97.3,West,Email,30,6.8,6.0,3517.71,1
1199,2024-01-28,49,36.8,West,Referral,6,8.8,,2374.88,0
1200,2024-07-25,46,56.7,South,Referral,7,3.3,9.0,2783.95,0
1201,2024-06-12,60,54.3,North,Referral,14,4.4,2.0,2798.22,1
1202,2024-08-27,56,94.0,North,Referral,31,0.2,6.0,4037.43,0
1203,2025-09-06,64,63.1,West,Search,15,4.2,7.0,3003.78,0
1204,2025-02-21,48,35.1,North,Email,6,3.0,7.0,1506.73,0
1205,2025-10-20,48,30.6,East,Email,11,5.8,10.0,2881.5,0
1206,2024-11-04,35,41.3,South,Social,6,9.1,6.0,2161.26,0
1207,2025-07-16,51,36.0,West,Social,7,5.2,9.0,2668.96,1
1208,2024-04-27,33,70.7,South,Social,17,6.8,10.0,2567.55,0
1209,2025-08-18,23,32.4,South,Search,3,7.1,8.0,960.36,0
1210,2025-03-21,59,71.8,West,Search,8,1.7,6.0,3428.01,0
1211,2024-01-29,26,72.1,West,Affiliate,14,3.6,5.0,2647.5,1
1212,2025-05-18,46,72.8,East,Social,17,1.3,8.0,3424.98,0
1213,2024-12-15,30,44.5,East,Referral,0,4.5,10.0,2471.14,0
1214,2024-01-01,55,93.2,East,Search,32,8.9,8.0,4326.1,0
1215,2025-09-10,56,69.9,South,Affiliate,12,4.9,9.0,3081.39,0
1216,2025-01-26,47,53.1,North,Search,15,4.7,10.0,2841.83,0
1217,2025-03-18,56,45.8,East,Email,6,2.3,9.0,2318.68,1
1218,2025-02-25,41,,East,Email,5,3.2,5.0,2775.47,0
1219,2024-03-07,68,88.6,North,Direct Mail,22,9.4,7.0,3337.86,1
1220,2024-08-30,50,67.0,North,Search,17,3.2,9.0,2633.09,0
1221,2025-05-27,30,44.2,East,Referral,8,7.4,7.0,2840.26,1
1222,2024-09-04,42,84.1,North,Referral,13,0.6,10.0,2775.36,0
1223,2025-10-10,39,72.4,East,Search,9,1.5,7.0,3581.7,1
1224,2024-08-19,38,87.9,East,Search,24,3.3,8.0,3744.73,0
1225,2024-12-01,21,48.0,South,Direct Mail,5,9.0,6.0,1881.38,0
1226,2024-11-21,46,106.0,North,Referral,29,2.3,7.0,4334.85,0
1227,2024-01-14,24,46.5,South,Social,9,7.3,7.0,1870.55,0
1228,2025-08-15,18,69.4,South,Email,12,1.8,4.0,2249.88,0
1229,2024-04-09,37,53.1,East,Email,16,6.2,6.0,2961.27,0
1230,2024-12-08,32,34.6,East,Social,7,6.0,5.0,2487.63,1
1231,2025-10-24,31,36.4,West,Referral,4,6.3,,2666.92,1
1232,2025-12-26,18,66.3,North,Referral,17,3.0,6.0,1985.68,0
1233,2024-06-17,31,100.0,East,Social,27,1.8,,3243.03,0
1234,2024-10-01,39,63.7,South,Social,13,8.9,9.0,2655.27,0
1235,2025-02-16,33,119.0,West,Social,32,5.8,8.0,4349.7,0
1236,2025-05-25,46,101.3,North,Referral,27,2.3,5.0,3964.63,0
1237,2024-07-01,58,72.8,South,Search,13,4.3,7.0,2592.53,0
1238,2025-02-04,47,76.6,South,Email,16,0.9,5.0,3365.58,1
1239,2025-09-01,53,38.0,South,Social,6,4.9,7.0,1690.4,1
1240,2025-07-10,54,37.7,West,Social,5,4.4,8.0,2394.8,0
1241,2025-08-23,29,108.8,North,Social,37,1.5,9.0,4297.55,0
1242,2025-10-10,46,72.9,North,Referral,8,4.6,8.0,3178.28,0
1243,2025-09-20,53,43.8,East,Direct Mail,5,6.5,,2715.81,0
1244,2025-01-08,36,74.3,South,Email,11,9.3,7.0,3158.61,0
1245,2025-12-12,32,75.8,North,Email,19,7.1,7.0,3188.33,0
1246,2024-12-26,47,113.4,South,Social,30,5.1,9.0,4110.26,0
1247,2025-06-01,23,82.2,North,Email,11,7.7,9.0,2962.41,0
1248,2025-11-19,28,61.1,West,Social,17,2.9,,2933.1,0
1249,2024-02-01,33,,South,Email,14,6.8,8.0,2993.07,0
1250,2025-11-12,46,68.1,North,Email,18,0.2,6.0,2725.18,1
1251,2025-08-22,44,67.2,South,Referral,12,0.9,3.0,2813.88,1
1252,2025-12-28,53,131.8,West,Email,22,6.3,8.0,4394.15,0
1253,2025-07-18,30,56.1,West,Referral,11,2.1,5.0,2773.05,1
1254,2024-04-24,29,41.7,North,Social,11,6.9,8.0,2376.29,0
1255,2024-08-08,47,49.7,East,Social,4,6.4,4.0,2689.6,0
1256,2024-01-03,31,68.7,North,Email,17,0.8,,2763.74,1
1257,2025-03-19,34,82.9,North,Email,26,4.0,6.0,3663.21,0
1258,2024-11-15,19,36.6,West,Social,11,6.2,9.0,1684.51,0
1259,2024-12-12,44,45.1,West,Referral,7,7.2,6.0,2926.28,0
1260,2025-06-19,59,69.2,North,Referral,12,8.2,5.0,3349.32,0
1261,2025-08-21,29,38.5,West,Email,7,3.4,8.0,2395.13,0
1262,2024-02-23,53,112.4,East,Email,18,8.4,7.0,4392.84,0
1263,2025-10-31,40,45.4,East,Email,5,3.7,8.0,3133.45,0
1264,2024-09-29,20,38.7,East,Search,7,0.3,5.0,1969.99,1
1265,2025-07-02,30,123.1,South,Email,24,6.2,7.0,3940.61,0
1266,2025-02-28,30,34.9,West,Email,4,2.6,10.0,1859.21,1
1267,2024-11-19,37,42.5,North,Referral,6,1.4,7.0,2137.64,1
1268,2024-06-04,46,44.0,South,Referral,3,2.7,7.0,2188.54,1
1269,2024-05-18,63,37.2,South,Search,6,8.3,4.0,1884.35,0
1270,2025-06-17,24,42.2,West,Email,5,9.2,5.0,1615.66,1
1271,2024-08-22,35,45.4,North,Social,6,9.6,8.0,2228.83,0
1272,2024-06-16,30,45.7,South,Email,4,3.2,6.0,2057.74,0
1273,2024-01-05,26,51.3,East,Search,4,4.7,8.0,2578.14,1
1274,2025-09-05,42,77.8,South,Search,10,8.1,8.0,3042.66,0
1275,2024-10-15,41,61.6,North,Email,15,3.3,5.0,3018.72,0
1276,2024-09-11,19,56.9,North,Referral,10,4.0,9.0,1735.73,0
1277,2024-09-28,41,38.8,East,Social,7,2.5,5.0,2322.49,1
1278,2025-03-13,27,71.9,South,Referral,12,5.8,6.0,2601.53,0
1279,2024-12-17,41,109.0,South,Email,27,6.7,7.0,4166.69,0
1280,2025-02-01,56,94.9,South,Social,24,3.3,10.0,3627.14,0
1281,2024-07-21,47,31.2,West,Email,4,0.4,5.0,1973.26,1
1282,2024-08-04,43,41.0,East,Search,5,7.4,7.0,2524.04,0
1283,2025-09-21,35,32.6,North,Email,6,6.2,7.0,2457.03,1
1284,2024-11-16,42,,West,Social,7,2.3,8.0,2746.91,0
1285,2025-12-11,48,67.3,West,Referral,15,3.3,9.0,3139.14,1
1286,2025-09-09,47,73.4,East,Search,8,9.6,6.0,3087.63,0
1287,2025-06-03,40,43.8,South,Search,10,6.4,9.0,2098.12,0
1288,2025-02-04,44,76.3,North,Search,8,6.0,9.0,3171.51,0
1289,2025-09-03,25,58.5,East,Search,15,6.5,10.0,2797.5,0
1290,2024-02-10,32,46.6,South,Search,3,9.6,8.0,2211.05,0
1291,2024-12-30,49,124.7,South,Social,28,3.5,7.0,4502.23,0
1292,2025-06-04,51,52.4,North,Email,5,3.0,6.0,2460.49,0
1293,2024-03-19,42,101.0,North,Social,27,3.9,4.0,3912.91,1
1294,2024-05-13,59,48.0,East,Email,6,8.0,6.0,3096.17,0
1295,2024-02-17,47,91.9,North,Social,26,1.4,7.0,3690.67,0
1296,2024-12-20,38,109.0,East,Social,27,2.2,7.0,4091.96,0
1297,2025-01-30,26,124.3,West,Email,35,2.4,8.0,3988.73,0
1298,2024-12-08,58,99.1,South,Referral,23,6.4,4.0,3500.17,0
1299,2024-02-10,50,74.3,North,Search,12,6.5,7.0,3420.0,0
1300,2024-12-21,63,72.9,North,Social,19,3.8,10.0,2813.6,0
1301,2025-10-10,67,66.3,South,Direct Mail,15,2.9,9.0,2784.3,0
1302,2024-01-23,26,45.9,West,Email,5,7.6,8.0,2148.11,0
1303,2025-07-20,26,64.4,East,Email,23,0.5,8.0,3329.49,0
1304,2024-07-17,18,71.3,West,Email,12,7.4,6.0,2247.39,1
1305,2024-02-24,52,101.1,West,Social,14,2.3,4.0,3674.02,0
1306,2024-02-07,49,73.1,North,Email,7,9.0,8.0,3091.82,0
1307,2024-01-10,42,75.3,East,Referral,21,4.3,3.0,3747.86,1
1308,2024-10-29,26,69.0,South,Social,15,6.5,6.0,2521.67,0
1309,2024-12-29,40,42.1,South,Social,2,1.4,7.0,2178.24,1
1310,2025-03-29,43,38.4,South,Social,5,2.7,6.0,2251.36,0
1311,2024-02-29,50,,South,Social,11,7.1,10.0,2801.87,0
1312,2025-04-22,44,63.6,East,Search,15,5.6,10.0,3177.76,0
1313,2025-06-24,49,40.7,East,Search,10,7.8,9.0,2524.49,0
1314,2024-02-17,40,77.9,South,Search,15,5.7,5.0,3001.57,0
1315,2025-05-07,55,68.1,North,Search,17,5.8,10.0,3158.74,0
1316,2024-03-27,49,29.9,South,Social,10,8.6,8.0,1860.5,0
1317,2024-11-16,27,70.2,East,Social,16,4.4,5.0,2560.63,0
1318,2025-04-27,58,71.7,South,Search,16,9.0,7.0,2801.71,0
1319,2025-09-27,56,43.5,North,Social,3,3.8,9.0,1961.45,0
1320,2025-01-22,47,88.7,South,Social,31,3.4,6.0,3804.0,0
1321,2024-11-13,44,117.9,East,Email,23,7.8,7.0,4814.48,0
1322,2025-08-31,61,75.8,East,Search,16,0.3,8.0,2728.09,0
1323,2024-06-06,21,46.9,North,Email,5,1.9,5.0,1652.45,1
1324,2024-05-29,56,71.6,South,Affiliate,15,0.9,7.0,2984.28,1
1325,2024-12-06,35,108.3,South,Email,25,5.2,5.0,3525.04,1
1326,2024-03-28,54,77.6,East,Social,14,6.4,9.0,3680.89,0
1327,2024-01-17,42,111.6,North,Email,21,0.3,5.0,4443.82,0
1328,2024-09-21,26,77.3,East,Email,17,1.8,8.0,3174.68,0
1329,2024-04-21,35,,West,Social,17,3.2,4.0,3092.33,0
1330,2025-04-10,53,,South,Search,3,3.1,,1273.8,0
1331,2025-02-04,38,62.0,South,Email,14,1.2,5.0,2941.45,1
1332,2024-12-20,34,35.1,North,Email,3,1.9,6.0,2563.06,0
1333,2024-12-28,33,65.6,North,Email,9,8.5,7.0,3263.62,0
1334,2024-03-12,49,111.6,West,Social,25,7.1,8.0,4278.46,0
1335,2024-10-20,62,29.5,West,Direct Mail,7,3.1,4.0,1634.7,1
1336,2024-02-22,18,45.9,North,Social,14,2.8,7.0,2049.38,1
1337,2024-09-16,75,46.5,West,Search,5,1.0,6.0,1588.76,1
1338,2025-05-09,43,71.0,North,Social,15,3.6,8.0,3299.86,0
1339,2025-12-21,48,27.1,South,Social,7,4.1,7.0,1961.72,1
1340,2024-08-04,36,110.8,East,Referral,27,9.1,7.0,4456.98,0
1341,2024-07-11,41,49.4,South,Email,7,7.5,6.0,2630.16,0
1342,2025-05-03,43,92.9,South,Referral,19,4.9,10.0,3826.42,1
1343,2025-11-01,28,99.7,East,Social,18,1.5,5.0,3668.3,0
1344,2024-08-03,31,74.6,North,Social,11,6.6,6.0,2735.14,0
1345,2025-09-03,55,70.2,West,Referral,11,9.4,7.0,2431.38,0
1346,2024-08-17,22,79.0,North,Social,15,1.0,7.0,2699.8,1
1347,2025-04-11,46,106.7,North,Affiliate,25,8.5,6.0,3861.34,0
1348,2024-06-02,37,45.4,West,Direct Mail,6,2.0,4.0,2583.34,1
1349,2024-07-10,29,70.9,South,Email,10,7.1,6.0,2544.42,0
1350,2025-12-19,65,40.8,South,Social,6,2.0,5.0,1705.22,1
1351,2024-10-11,30,71.2,North,Referral,14,6.1,10.0,3134.51,0
1352,2024-01-12,27,33.1,North,Email,8,2.5,10.0,1975.04,1
1353,2025-07-17,39,65.8,North,Search,6,5.5,7.0,2833.21,0
1354,2024-04-02,32,71.4,South,Email,15,6.1,4.0,3264.07,0
1355,2024-03-21,41,78.1,South,Email,12,6.3,8.0,3276.07,0
1356,2025-09-02,43,77.1,South,Social,27,6.9,5.0,3237.63,0
1357,2024-09-11,44,68.1,West,Search,18,0.9,6.0,3162.87,0
1358,2024-04-10,40,48.9,West,Search,14,7.1,,2942.78,0
1359,2025-12-13,33,72.1,South,Search,15,1.7,6.0,2920.49,1
1360,2024-07-23,49,50.2,West,Email,12,6.8,6.0,2452.85,0
1361,2025-04-07,40,105.8,West,Social,25,1.4,5.0,4420.23,0
1362,2024-07-10,35,41.3,West,Email,3,4.9,6.0,2618.23,0
1363,2025-02-28,59,46.5,East,Email,9,4.0,9.0,2892.11,0
1364,2025-05-23,40,30.7,North,Social,5,9.7,7.0,2486.51,0
1365,2025-07-07,54,55.6,North,Search,15,6.4,7.0,3299.39,0
1366,2024-10-27,56,70.1,West,Email,13,1.1,3.0,3543.19,1
1367,2025-03-25,56,67.7,South,Email,19,7.1,9.0,2967.17,0
1368,2025-09-05,49,64.1,West,Search,20,2.1,6.0,3139.96,0
1369,2025-09-05,41,53.2,East,Email,5,3.0,9.0,2364.65,0
1370,2025-06-29,40,102.0,North,Affiliate,28,3.9,7.0,4070.83,0
1371,2024-10-18,38,74.7,South,Social,13,7.8,6.0,3126.18,0
1372,2025-01-22,18,58.3,West,Email,5,9.5,4.0,2043.72,1
1373,2025-12-07,50,74.8,North,Referral,17,9.3,10.0,2785.66,0
1374,2024-06-30,44,37.2,East,Search,15,1.9,,2611.08,1
1375,2025-05-20,51,44.6,West,Referral,2,0.8,9.0,2588.94,0
1376,2025-08-01,40,44.6,North,Social,9,8.3,10.0,2196.46,0
1377,2024-12-17,49,114.4,North,Social,26,3.0,7.0,4361.83,0
1378,2025-09-24,24,74.5,South,Search,11,5.9,9.0,2644.42,0
1379,2024-11-08,27,60.2,West,Social,10,9.8,6.0,2884.62,0
1380,2025-09-02,18,66.6,South,Social,9,2.0,8.0,2462.28,0
1381,2025-04-15,39,62.5,North,Email,14,3.9,6.0,2836.72,1
1382,2024-02-07,32,111.5,North,Social,28,8.7,6.0,4169.58,0
1383,2025-08-24,30,74.0,South,Email,18,6.6,7.0,2932.92,0
1384,2025-05-24,45,73.2,South,Referral,17,9.4,5.0,3253.99,0
1385,2024-06-11,36,73.0,North,Social,17,6.4,8.0,3310.92,0
1386,2025-05-28,24,114.9,West,Affiliate,35,3.2,6.0,4493.5,0
1387,2025-01-08,72,69.6,North,Email,17,8.1,3.0,1827.86,1
1388,2025-11-19,41,100.9,West,Social,24,7.6,6.0,4180.44,0
1389,2024-08-10,28,44.8,West,Social,6,9.3,6.0,2347.13,0
1390,2024-07-11,33,,East,Search,18,4.9,9.0,3849.39,0
1391,2024-02-12,39,70.6,East,Referral,17,5.1,8.0,2828.51,0
1392,2025-07-28,39,,North,Social,5,3.4,10.0,2251.09,0
1393,2025-12-20,57,80.6,South,Social,8,2.8,8.0,2756.0,0
1394,2025-05-18,40,80.6,South,Search,7,10.0,6.0,3475.47,0
1395,2024-09-26,63,,North,Email,8,9.8,7.0,2304.13,0
1396,2025-10-03,36,65.2,East,Search,14,5.4,6.0,2988.77,0
1397,2024-07-03,46,93.9,North,Search,18,9.6,8.0,3204.31,0
1398,2025-05-21,53,39.7,North,Email,5,3.7,7.0,2402.51,0
1399,2025-03-11,55,79.8,East,Search,8,8.5,6.0,3579.35,0
1400,2025-09-14,57,77.0,South,Search,21,6.4,7.0,3039.45,0
1401,2025-12-10,38,50.0,North,Email,7,7.2,8.0,2676.76,0
1402,2024-09-19,41,108.6,North,Social,21,7.2,5.0,4006.6,0
1403,2024-03-10,18,74.3,North,Social,6,6.4,8.0,2589.88,0
1404,2024-04-25,39,,South,Search,7,8.6,4.0,2235.85,0
1405,2025-06-23,54,86.6,South,Search,29,4.0,9.0,3089.28,0
1406,2024-09-22,52,87.3,North,Social,28,8.5,8.0,3362.65,0
1407,2024-04-12,40,,East,Social,9,2.0,10.0,2972.93,0
1408,2025-08-17,61,104.9,West,Email,30,2.2,5.0,4268.12,0
1409,2025-04-18,36,44.2,East,Email,6,7.2,9.0,2261.38,0
1410,2024-04-06,32,112.5,South,Email,27,7.6,9.0,3537.5,0
1411,2025-06-04,35,62.4,East,Email,13,9.0,7.0,3149.57,0
1412,2025-04-10,28,68.3,West,Email,15,2.9,6.0,2602.4,1
1413,2025-12-19,48,,West,Search,7,0.7,5.0,2592.06,0
1414,2025-12-21,44,107.7,North,Search,19,5.2,5.0,4046.31,0
1415,2025-12-13,48,24.8,North,Email,5,8.8,6.0,1952.89,0
1416,2025-10-15,36,40.1,North,Search,6,9.7,5.0,2542.3,0
1417,2025-08-02,40,41.0,East,Email,3,8.6,10.0,3003.04,0
1418,2025-05-04,18,73.5,North,Social,10,5.0,4.0,2242.28,0
1419,2025-02-01,46,42.6,West,Affiliate,10,8.7,7.0,2261.43,0
1420,2025-08-01,42,104.7,North,Social,31,2.3,8.0,4300.3,0
1421,2025-12-06,28,73.3,East,Email,14,9.2,8.0,3575.58,0
1422,2024-03-26,40,44.0,North,Social,11,5.8,8.0,2381.16,0
1423,2024-04-09,38,36.5,South,Search,12,4.0,9.0,2353.89,0
1424,2024-12-30,62,38.0,South,Email,5,5.9,6.0,1582.14,0
1425,2024-08-02,28,,East,Direct Mail,15,7.9,7.0,3181.53,0
1426,2025-01-23,45,95.5,South,Social,26,2.6,6.0,3435.65,0
1427,2024-08-15,28,44.8,South,Email,7,1.2,,1971.22,0
1428,2025-07-25,34,112.0,East,Social,28,7.4,10.0,4403.92,0
1429,2025-10-17,44,53.2,West,Search,7,9.5,5.0,2891.71,1
1430,2024-07-25,38,94.2,East,Social,28,6.4,3.0,4582.5,0
1431,2025-07-17,41,,East,Direct Mail,27,1.6,8.0,4206.64,0
1432,2024-03-18,45,62.8,South,Referral,9,6.5,9.0,2192.42,0
1433,2025-08-04,35,72.7,West,Email,16,1.3,10.0,3163.6,0
1434,2025-05-24,52,109.8,South,Email,23,3.2,8.0,4028.22,1
1435,2025-06-02,37,40.1,West,Social,3,0.5,10.0,2356.24,0
1436,2024-12-25,40,40.8,West,Search,4,5.0,10.0,2338.67,0
1437,2024-03-19,45,39.1,North,Search,5,3.3,10.0,2685.76,0
1438,2025-09-06,44,61.1,North,Email,9,1.2,9.0,2888.82,0
1439,2024-03-21,49,54.8,East,Direct Mail,12,3.2,5.0,2978.3,0
1440,2024-12-17,45,70.3,East,Social,19,6.5,7.0,3285.15,1
1441,2024-05-07,47,125.1,East,Referral,16,3.0,8.0,4181.61,0
1442,2025-09-09,37,41.9,West,Referral,5,1.6,7.0,2464.95,1
1443,2025-02-23,28,63.7,South,Email,14,5.5,7.0,2574.01,0
1444,2025-01-05,24,39.5,South,Email,6,7.6,10.0,1396.77,0
1445,2024-08-19,21,55.4,South,Email,7,8.3,,1885.21,0
1446,2025-07-25,62,54.4,North,Referral,13,4.8,8.0,2447.2,0
1447,2024-06-02,18,100.7,South,Social,20,7.2,8.0,2802.83,0
1448,2025-06-10,55,76.9,West,Referral,9,8.4,5.0,2986.29,0
1449,2025-12-08,31,36.9,North,Social,4,6.8,5.0,2125.07,1
1450,2024-07-13,55,62.0,West,Social,15,5.4,4.0,2914.04,0
1451,2025-05-15,18,48.0,West,Referral,10,0.8,8.0,1742.14,1
1452,2024-08-13,38,106.6,North,Social,26,3.0,7.0,3882.97,0
1453,2025-11-09,58,49.4,West,Search,13,3.3,6.0,2554.8,0
1454,2025-10-18,50,40.7,East,Social,5,4.1,4.0,2800.77,1
1455,2024-08-17,37,40.7,South,Email,6,9.5,8.0,2154.68,0
1456,2024-06-17,18,44.3,North,Email,13,2.2,7.0,1716.75,1
1457,2024-03-01,25,93.3,South,Email,31,5.5,6.0,3429.56,0
1458,2025-05-24,58,68.8,East,Search,13,9.9,5.0,3530.14,0
1459,2025-11-02,37,77.1,North,Social,12,6.3,7.0,3317.26,0
1460,2024-04-15,40,,South,Social,8,2.2,8.0,3219.45,0
1461,2025-08-18,44,63.4,West,Email,14,9.6,6.0,3250.02,0
1462,2025-07-05,25,45.9,East,Search,5,3.5,5.0,2227.47,0
1463,2024-12-10,46,114.5,East,Referral,29,0.7,7.0,4687.06,0
1464,2024-06-12,36,40.4,West,Search,9,4.4,9.0,2272.87,0
1465,2025-04-21,45,76.2,North,Affiliate,13,2.6,7.0,2856.01,0
1466,2025-03-09,34,59.9,North,Email,19,8.2,7.0,2965.14,0
1467,2025-08-15,22,68.8,East,Email,13,2.4,6.0,2869.54,1
1468,2025-02-15,36,89.6,South,Social,31,8.2,5.0,3533.59,0
1469,2024-02-05,49,41.5,North,Email,11,0.6,5.0,2714.26,1
1470,2024-05-28,46,60.1,East,Search,18,9.3,4.0,3056.78,1
1471,2024-10-04,41,70.2,North,Referral,16,0.6,9.0,2701.79,0
1472,2024-12-24,52,76.0,South,Email,18,9.4,8.0,2935.55,0
1473,2024-09-12,39,48.7,South,Referral,8,0.9,7.0,1942.71,0
1474,2025-10-03,42,,East,Email,5,8.8,8.0,2601.69,0
1475,2024-07-24,35,44.2,South,Search,5,8.3,8.0,1925.61,0
1476,2025-05-11,52,,North,Social,10,6.0,6.0,2478.22,0
1477,2024-09-20,44,73.9,West,Search,11,0.6,6.0,3511.59,0
1478,2025-12-25,34,74.6,West,Email,22,6.3,6.0,3102.91,0
1479,2025-10-30,23,88.8,South,Direct Mail,13,6.3,10.0,2627.04,0
1480,2025-07-26,54,,North,Direct Mail,12,5.7,9.0,3053.15,0
1481,2025-07-12,32,64.3,East,Social,12,6.4,7.0,3300.16,0
1482,2025-04-14,42,40.2,South,Social,4,9.7,9.0,1590.92,0
1483,2025-03-04,69,74.6,North,Search,15,10.0,9.0,2740.38,0
1484,2025-02-15,51,40.0,North,Search,6,5.3,5.0,1730.58,0
1485,2024-01-20,60,45.1,North,Social,7,1.1,7.0,2095.59,0
1486,2025-11-15,35,72.3,South,Search,8,1.5,7.0,3077.7,0
1487,2025-12-17,54,61.4,South,Referral,11,7.3,8.0,3419.54,0
1488,2025-01-19,41,,West,Search,5,9.8,7.0,2565.46,0
1489,2025-09-27,45,68.7,South,Email,14,4.5,7.0,2607.9,0
1490,2024-10-20,65,76.0,South,Referral,15,1.2,6.0,2567.24,1
1491,2024-03-22,38,63.2,North,Email,14,3.7,9.0,2953.38,0
1492,2025-09-01,41,53.3,West,Email,13,4.0,4.0,2652.29,0
1493,2025-01-06,30,52.7,North,Affiliate,12,10.0,6.0,2239.95,0
1494,2025-11-17,52,47.8,North,Email,4,6.9,4.0,2313.42,1
1495,2024-06-04,34,57.5,East,Email,14,1.4,5.0,3086.05,1
1496,2024-12-15,53,66.8,East,Search,13,3.5,8.0,3195.1,0
1497,2025-05-02,21,58.5,West,Referral,17,0.7,8.0,2185.73,1
1498,2024-04-10,48,62.4,South,Email,16,6.6,6.0,2647.38,1
1499,2025-12-28,33,,South,Social,7,6.8,9.0,2389.55,0
1500,2025-03-20,50,64.5,South,Email,19,0.8,9.0,2646.15,1
1501,2024-05-05,41,,South,Social,10,3.5,7.0,2875.29,0
1502,2025-06-24,35,122.1,South,Social,21,9.0,7.0,4290.3,0
1503,2025-10-03,36,116.2,South,Email,25,8.3,6.0,4025.72,0
1504,2024-09-29,31,64.3,North,Direct Mail,14,5.8,8.0,2346.64,0
1505,2025-03-21,51,64.5,West,Search,19,4.9,5.0,3431.44,1
1506,2025-06-29,28,70.6,North,Referral,14,9.9,10.0,2950.35,0
1507,2024-04-16,38,28.4,North,Referral,10,7.3,9.0,1738.99,0
1508,2025-01-22,45,89.3,West,Direct Mail,20,9.5,5.0,3668.35,0
1509,2025-02-12,60,68.3,East,Search,17,0.9,6.0,2972.65,1
1510,2024-08-07,41,54.6,South,Social,4,2.3,8.0,2599.15,0
1511,2024-08-06,38,33.3,East,Referral,5,0.5,6.0,2269.77,1
1512,2025-04-04,44,118.7,North,Social,33,8.7,8.0,4533.68,0
1513,2025-07-02,18,52.2,West,Email,7,7.0,6.0,1885.01,1
1514,2024-10-10,27,44.7,North,Social,3,1.9,10.0,1652.12,0
1515,2024-04-16,36,45.4,West,Social,7,9.7,7.0,2839.4,0
1516,2025-07-28,32,42.7,North,Social,8,9.6,10.0,2420.41,0
1517,2024-05-06,22,44.0,East,Referral,7,2.4,8.0,1931.48,1
1518,2024-01-03,51,67.2,South,Social,11,6.5,5.0,2860.23,1
1519,2024-08-23,44,37.1,North,Email,6,6.7,10.0,2524.67,0
1520,2025-08-20,43,,South,Email,30,0.2,9.0,4221.64,0
1521,2025-07-06,33,108.2,East,Referral,24,7.0,8.0,4658.71,0
1522,2024-08-11,42,79.0,North,Social,23,2.4,8.0,4248.44,0
1523,2025-01-14,47,43.1,West,Social,5,9.0,5.0,2440.96,0
1524,2025-12-01,38,74.5,South,Search,14,8.4,,2853.34,0
1525,2025-06-08,46,41.9,East,Referral,6,9.1,7.0,2370.75,0
1526,2025-07-08,31,74.1,East,Social,16,7.6,9.0,2728.62,0
1527,2024-03-04,42,107.9,South,Search,24,1.8,8.0,4288.12,0
1528,2024-06-24,55,122.3,East,Email,35,3.7,10.0,4727.44,0
1529,2024-03-16,56,85.7,East,Direct Mail,10,7.1,9.0,3770.19,0
1530,2025-12-15,57,43.9,East,Search,9,3.4,7.0,2861.23,0
1531,2024-09-06,44,50.5,South,Search,19,7.2,9.0,2339.15,0
1532,2024-12-30,41,63.6,East,Email,16,3.5,10.0,3025.14,0
1533,2025-02-06,36,77.9,South,Search,12,1.9,7.0,3462.62,0
1534,2025-01-16,19,72.4,North,Social,16,5.3,7.0,2488.53,0
1535,2024-02-08,25,38.3,North,Social,6,6.9,7.0,1697.68,1
1536,2025-10-25,39,50.0,East,Search,4,5.3,3.0,2458.2,0
1537,2024-10-04,40,71.9,West,Referral,16,6.5,8.0,3243.02,1
1538,2025-11-01,58,40.7,North,Social,6,4.5,8.0,2573.25,0
1539,2025-07-12,57,45.0,South,Referral,7,7.8,7.0,2317.76,1
1540,2025-05-23,33,102.8,North,Email,27,6.6,8.0,3986.41,0
1541,2025-05-28,51,110.4,South,Search,19,5.8,7.0,4317.77,0
1542,2025-12-15,35,75.2,East,Email,13,4.5,3.0,3740.05,1
1543,2024-08-09,49,92.6,East,Email,30,5.5,10.0,4248.02,0
1544,2024-08-28,51,111.1,East,Referral,33,0.7,6.0,5323.94,0
1545,2025-05-04,56,45.3,East,Email,6,6.7,6.0,2517.47,1
1546,2024-06-18,35,69.7,North,Referral,16,2.2,9.0,3345.64,0
1547,2025-08-09,53,74.4,South,Social,8,8.6,9.0,2784.17,0
1548,2024-01-22,19,31.9,North,Search,6,8.2,7.0,1670.49,1
1549,2025-10-16,57,63.3,West,Email,17,5.4,8.0,2927.57,1
1550,2024-09-09,41,68.1,East,Search,18,8.5,5.0,3522.11,0
1551,2024-01-04,41,79.5,North,Referral,9,6.8,7.0,3862.39,0
1552,2025-03-15,18,40.1,North,Social,6,1.6,9.0,1807.48,1
1553,2024-07-20,36,30.4,South,Social,8,7.5,6.0,2015.98,1
1554,2024-08-10,57,96.3,West,Referral,18,10.0,5.0,3534.73,0
1555,2024-12-17,36,25.5,North,Search,8,0.6,7.0,2013.14,0
1556,2025-02-27,50,40.6,South,Email,6,2.6,7.0,1884.12,0
1557,2024-04-09,41,40.9,South,Search,4,6.1,8.0,2352.36,0
1558,2024-02-05,54,83.1,East,Search,10,4.3,5.0,3750.49,0
1559,2024-12-02,43,73.5,East,Search,21,6.4,2.0,3541.84,1
1560,2024-09-15,30,67.4,North,Social,14,5.9,9.0,3272.32,1
1561,2025-02-28,42,41.0,East,Social,4,7.9,5.0,2957.75,0
1562,2025-06-30,60,29.2,North,Direct Mail,6,0.9,6.0,1909.31,1
1563,2025-03-24,47,103.7,West,Search,27,4.5,3.0,4349.98,1
1564,2024-03-17,40,77.2,North,Social,17,8.6,9.0,3171.4,0
1565,2025-12-28,68,,East,Affiliate,17,3.8,8.0,2880.63,0
1566,2025-06-05,55,70.0,South,Email,17,5.1,8.0,2634.47,0
1567,2024-02-05,51,69.2,East,Social,15,0.4,8.0,3231.98,0
1568,2025-07-11,45,54.1,North,Search,4,2.4,3.0,2583.81,1
1569,2025-10-04,50,76.4,South,Search,17,4.7,5.0,2700.1,1
1570,2025-02-19,50,61.1,North,Direct Mail,12,4.1,6.0,3035.17,0
1571,2025-08-30,18,,South,Search,6,7.2,6.0,1465.35,1
1572,2025-10-08,46,115.4,West,Social,32,6.2,7.0,4550.94,0
1573,2025-12-04,39,73.0,South,Social,11,8.8,7.0,2230.67,0
1574,2025-11-27,35,71.8,South,Email,8,8.6,9.0,2716.57,0
1575,2024-05-21,39,109.2,East,Direct Mail,22,2.6,4.0,3994.07,1
1576,2024-01-26,22,65.4,South,Email,16,0.4,7.0,2170.1,0
1577,2025-04-20,19,109.9,West,Social,20,8.6,8.0,3871.25,0
1578,2025-05-10,56,67.6,South,Social,14,3.4,5.0,2153.44,1
1579,2025-02-19,47,97.2,West,Email,27,3.6,7.0,3847.7,0
1580,2024-06-22,18,31.3,West,Email,9,1.8,8.0,1726.09,1
1581,2025-11-23,34,84.2,South,Search,20,7.0,7.0,3066.1,1
1582,2024-10-24,52,54.1,South,Email,16,2.9,8.0,2396.61,0
1583,2025-06-25,38,44.4,East,Direct Mail,10,1.9,7.0,3229.03,0
1584,2025-03-30,56,54.6,East,Referral,14,5.1,6.0,3028.78,0
1585,2025-10-15,54,90.8,North,Email,31,7.6,5.0,4066.72,0
1586,2025-06-03,25,64.5,North,Referral,11,2.8,,2664.36,0
1587,2025-04-08,39,39.8,North,Social,5,7.3,,2315.59,0
1588,2025-09-05,36,33.7,East,Email,6,4.7,5.0,2687.25,0
1589,2024-02-09,24,38.2,East,Social,4,4.2,8.0,2532.99,0
1590,2025-05-29,24,37.6,North,Referral,6,3.7,9.0,1372.69,0
1591,2025-03-03,31,109.9,South,Search,18,1.6,6.0,3688.57,0
1592,2025-07-21,33,79.5,East,Email,14,3.5,6.0,3431.32,0
1593,2024-06-12,44,41.1,West,Search,8,8.8,,2373.79,0
1594,2025-03-13,54,70.9,North,Search,18,1.2,4.0,3407.08,1
1595,2024-07-26,47,42.8,South,Search,4,9.6,10.0,2245.94,0
1596,2024-03-26,50,37.1,South,Social,5,1.3,6.0,2551.82,0
1597,2025-02-23,38,81.5,East,Referral,14,3.7,5.0,3874.87,0
1598,2024-01-16,48,77.1,North,Search,11,6.1,5.0,3589.82,0
1599,2024-03-08,39,125.1,North,Email,26,8.4,6.0,4216.37,0
1600,2025-01-21,36,69.6,East,Referral,18,1.6,6.0,3154.82,0
1601,2025-10-17,64,71.5,South,Social,9,1.6,10.0,2346.04,1
1602,2025-06-06,18,53.5,North,Search,18,6.4,5.0,2414.81,1
1603,2024-01-12,19,115.2,South,Search,25,3.1,4.0,3178.88,1
1604,2024-03-20,46,86.2,North,Social,11,6.5,8.0,3198.74,0
1605,2024-11-10,38,114.4,South,Email,32,8.2,,3915.05,0
1606,2024-11-09,24,79.8,South,Search,10,1.0,7.0,3346.59,1
1607,2024-01-30,28,104.1,North,Referral,26,8.5,8.0,3758.02,0
1608,2024-07-06,30,33.3,North,Referral,6,0.6,7.0,2083.37,1
1609,2024-04-02,52,71.1,West,Search,24,9.0,7.0,3090.44,0
1610,2025-02-17,56,61.5,West,Email,19,9.8,4.0,3261.61,0
1611,2025-04-25,61,60.3,North,Social,8,6.7,4.0,2097.4,0
1612,2024-10-12,22,78.1,East,Search,15,9.8,6.0,2765.46,1
1613,2025-02-21,25,88.9,North,Social,30,8.3,5.0,3224.39,1
1614,2024-05-27,24,112.7,West,Search,25,0.6,7.0,3951.51,0
1615,2025-09-13,56,41.1,West,Social,6,0.2,4.0,2123.2,0
1616,2024-01-04,46,67.3,East,Email,13,0.4,6.0,3709.04,0
1617,2025-01-03,42,70.7,East,Search,11,4.6,7.0,3472.04,0
1618,2024-08-22,44,41.3,South,Search,6,6.3,7.0,2004.5,1
1619,2024-11-25,40,32.3,North,Search,7,4.9,8.0,2415.98,1
1620,2025-01-11,28,27.9,South,Email,6,6.8,6.0,1476.35,1
1621,2025-04-16,47,79.3,North,Referral,16,4.6,6.0,3224.64,0
1622,2025-11-09,39,70.5,East,Social,11,0.6,,3539.86,0
1623,2025-02-13,27,98.4,South,Search,18,2.4,6.0,2670.62,1
1624,2024-06-15,48,61.3,North,Search,14,9.9,10.0,3132.45,0
1625,2025-01-17,36,121.2,East,Social,33,3.6,6.0,4584.2,1
1626,2025-01-08,44,71.8,East,Search,13,3.4,7.0,3225.0,0
1627,2025-09-23,40,73.7,East,Search,21,1.7,7.0,4078.52,0
1628,2025-02-17,52,44.3,South,Social,5,9.9,7.0,2047.28,1
1629,2025-09-25,44,61.4,West,Search,16,2.5,6.0,3324.54,0
1630,2025-04-18,30,99.9,North,Email,34,6.5,7.0,3987.4,0
1631,2025-02-21,45,98.1,East,Referral,21,0.6,10.0,4234.53,0
1632,2024-08-27,45,83.7,South,Social,27,0.9,,3431.01,0
1633,2024-07-05,47,35.6,North,Email,5,7.2,9.0,2140.04,0
1634,2024-03-13,53,63.6,West,Search,11,6.4,5.0,3370.03,0
1635,2025-02-04,34,48.8,South,Email,5,6.9,5.0,2441.72,1
1636,2025-11-03,49,49.6,South,Affiliate,5,2.5,7.0,2205.23,1
1637,2024-01-10,20,69.6,North,Social,13,9.9,8.0,2173.27,0
1638,2025-11-26,40,77.4,West,Email,18,5.7,6.0,3284.84,0
1639,2025-09-19,38,60.8,West,Email,8,9.7,6.0,3120.59,0
1640,2024-11-15,58,85.2,North,Email,25,1.8,10.0,3808.66,0
1641,2024-08-16,39,66.4,South,Email,15,4.2,8.0,3003.04,0
1642,2025-02-27,48,,North,Email,30,3.5,9.0,3977.24,0
1643,2025-09-16,20,39.7,East,Social,2,7.6,6.0,2035.38,1
1644,2024-01-22,37,43.7,South,Social,6,7.5,,2505.88,0
1645,2024-11-24,31,74.6,North,Social,11,5.0,9.0,3020.27,0
1646,2024-02-04,71,98.0,South,Email,33,0.4,7.0,3736.7,0
1647,2025-04-15,33,42.5,West,Email,6,1.9,6.0,1981.1,1
1648,2024-02-25,42,53.1,South,Email,15,0.7,5.0,9594.51,0
1649,2024-08-19,43,62.6,North,Email,15,8.5,6.0,2725.49,0
1650,2025-06-23,22,59.5,West,Social,11,3.0,9.0,2654.02,0
1651,2025-07-02,35,75.4,North,Email,10,1.4,4.0,3236.89,0
1652,2024-06-14,46,109.2,South,Social,18,3.7,,4362.95,0
1653,2025-01-09,42,81.3,South,Direct Mail,15,1.0,6.0,3346.32,1
1654,2024-05-14,18,45.5,North,Email,4,9.8,7.0,1537.76,1
1655,2025-03-07,34,97.5,North,Email,26,3.3,7.0,3701.52,0
1656,2024-01-07,53,46.6,North,Search,7,9.3,7.0,2371.7,0
1657,2025-08-17,48,117.6,North,Social,27,6.9,6.0,4281.21,0
1658,2024-01-17,56,43.2,South,Email,4,5.7,6.0,2419.85,0
1659,2025-03-20,29,66.8,West,Referral,20,4.9,6.0,11009.0,0
1660,2024-10-22,56,78.8,North,Search,10,6.9,9.0,2751.69,0
1661,2024-06-12,40,51.5,East,Affiliate,5,6.9,7.0,2802.97,0
1662,2025-01-30,60,119.7,South,Direct Mail,28,0.3,7.0,4093.65,0
1663,2024-04-13,41,48.5,North,Search,5,9.1,6.0,2283.81,0
1664,2025-02-26,18,34.7,South,Search,4,3.8,6.0,1339.14,1
1665,2025-04-15,51,37.0,North,Social,8,3.7,,2651.77,1
1666,2024-11-30,36,67.6,East,Referral,15,4.2,8.0,3498.27,0
1667,2024-09-21,36,103.5,South,Social,21,6.9,6.0,4084.44,0
1668,2024-12-01,24,102.9,East,Social,23,3.9,3.0,3616.2,1
1669,2025-11-29,60,48.5,West,Email,7,3.9,7.0,2412.49,0
1670,2025-07-03,35,65.4,North,Search,11,0.8,6.0,2676.48,0
1671,2024-01-05,60,47.8,West,Social,3,4.3,6.0,2377.85,0
1672,2024-07-30,36,73.3,North,Referral,22,1.7,9.0,3353.46,0
1673,2024-01-19,30,88.8,North,Email,30,8.6,2.0,9498.09,0
1674,2024-06-22,57,,North,Referral,14,3.5,10.0,3396.46,0
1675,2025-07-22,40,67.3,West,Email,15,9.6,9.0,3339.73,0
1676,2025-09-15,40,60.2,East,Search,12,6.9,6.0,2886.76,1
1677,2024-11-29,26,97.2,West,Social,21,7.6,6.0,3215.04,0
1678,2025-05-18,36,,East,Social,9,9.5,8.0,3557.61,0
1679,2024-09-27,46,42.3,South,Social,6,2.5,8.0,2596.94,0
1680,2024-12-14,25,81.1,West,Email,9,5.8,6.0,2948.5,0
1681,2025-08-28,35,49.0,West,Email,10,0.6,4.0,2189.63,1
1682,2024-07-20,36,40.9,East,Referral,5,1.2,10.0,3041.04,0
1683,2024-08-20,42,37.8,South,Email,4,3.8,9.0,2188.65,0
1684,2024-04-09,59,59.5,West,Search,22,6.9,7.0,2989.45,0
1685,2024-06-08,37,52.8,North,Search,22,8.4,7.0,2531.48,0
1686,2024-01-28,33,45.2,West,Email,10,2.7,8.0,2460.17,1
1687,2025-08-18,74,61.4,West,Referral,10,7.5,8.0,2279.59,0
1688,2025-09-14,36,112.5,East,Referral,30,2.4,3.0,4654.99,0
1689,2024-11-03,39,63.3,North,Referral,13,0.3,6.0,2757.78,0
1690,2025-03-09,37,70.1,North,Referral,9,0.7,6.0,2966.91,1
1691,2024-06-30,38,31.4,West,Search,5,5.9,7.0,2004.44,1
1692,2024-02-03,42,94.1,West,Affiliate,27,5.1,8.0,4416.68,0
1693,2025-01-11,52,42.8,East,Email,8,2.9,4.0,2869.07,1
1694,2024-04-25,46,56.3,West,Email,7,0.3,5.0,2666.47,0
1695,2025-09-11,54,,South,Search,19,5.8,6.0,3542.0,0
1696,2024-07-23,54,65.2,West,Email,17,8.2,7.0,3170.83,1
1697,2025-06-22,44,56.6,North,Search,9,0.9,8.0,2626.27,0
1698,2024-07-11,46,64.6,North,Social,12,7.4,10.0,2876.64,0
1699,2024-04-02,54,69.0,South,Social,21,6.4,6.0,2689.04,0
1700,2025-02-04,28,43.3,South,Referral,6,4.9,8.0,1654.43,0
1701,2024-05-13,71,42.0,South,Email,5,0.7,8.0,11810.81,1
1702,2024-10-18,35,43.7,East,Email,7,9.3,8.0,2506.76,0
1703,2024-08-02,37,37.8,North,Search,6,4.9,7.0,2866.24,0
1704,2025-10-06,26,110.9,East,Referral,25,4.1,6.0,4254.51,0
1705,2025-01-02,27,32.4,North,Referral,8,8.6,5.0,1556.91,1
1706,2025-06-09,53,64.3,West,Email,11,8.5,5.0,2588.88,0
1707,2025-03-05,68,71.9,North,Referral,12,7.3,8.0,2706.12,1
1708,2025-10-26,34,66.1,East,Search,16,8.3,7.0,3105.21,0
1709,2024-11-16,45,70.9,East,Referral,16,1.4,,3792.73,0
1710,2025-09-21,44,80.5,South,Email,9,7.7,8.0,3173.48,1
1711,2025-10-17,53,112.3,North,Social,20,3.4,7.0,3600.69,0
1712,2025-11-03,68,53.8,North,Social,13,8.7,5.0,1957.35,1
1713,2025-05-22,59,106.0,South,Search,28,3.8,7.0,3630.38,0
1714,2025-12-16,38,97.4,North,Email,21,0.7,8.0,3929.53,0
1715,2025-06-27,47,66.2,North,Social,19,4.3,5.0,2870.23,0
1716,2024-08-15,49,38.8,East,Search,2,7.6,7.0,2513.28,0
1717,2024-04-24,41,62.5,North,Social,21,5.1,7.0,2735.55,0
1718,2024-06-02,28,38.2,North,Social,14,7.7,6.0,2130.81,0
1719,2025-02-22,31,69.1,South,Email,12,0.5,6.0,2788.36,1
1720,2024-04-30,55,90.4,South,Referral,25,1.9,4.0,3887.54,1
1721,2024-06-22,56,66.1,South,Search,19,5.7,7.0,2907.25,0
1722,2025-04-03,39,78.3,East,Social,10,4.0,5.0,3248.2,1
1723,2024-08-30,44,47.2,East,Direct Mail,12,6.9,9.0,3239.78,0
1724,2025-05-12,55,113.6,South,Search,23,9.6,7.0,3934.32,0
1725,2025-12-29,21,32.6,South,Email,6,6.7,6.0,1578.28,1
1726,2024-03-05,36,33.7,North,Search,4,4.3,9.0,1913.25,0
1727,2025-04-13,65,38.8,East,Direct Mail,1,5.5,5.0,2083.95,1
1728,2025-08-22,45,34.5,South,Email,6,9.1,6.0,1827.42,0
1729,2024-04-12,27,,West,Search,13,6.8,4.0,3070.54,0
1730,2025-07-25,42,72.0,East,Email,18,8.1,9.0,3704.8,0
1731,2025-01-05,53,56.2,East,Referral,8,3.2,10.0,2787.3,0
1732,2025-04-03,18,31.6,South,Search,9,7.5,4.0,1103.74,1
1733,2024-02-07,43,,West,Direct Mail,5,1.6,6.0,2566.72,1
1734,2024-11-13,37,74.9,South,Search,15,7.5,7.0,2800.85,0
1735,2024-09-24,21,39.0,South,Email,4,8.8,6.0,1087.28,1
1736,2024-04-22,42,74.7,West,Social,16,9.0,7.0,3451.03,0
1737,2025-07-10,39,28.0,East,Referral,5,1.3,7.0,2235.95,0
1738,2025-01-04,41,43.4,South,Email,5,8.3,8.0,2161.25,0
1739,2025-10-02,37,66.6,North,Email,14,1.3,5.0,3130.23,0
1740,2024-04-26,29,71.2,North,Search,15,4.9,7.0,3080.15,0
1741,2025-06-17,24,43.6,West,Social,10,6.9,5.0,2062.54,1
1742,2025-03-17,33,48.1,North,Email,5,4.9,6.0,2047.86,0
1743,2025-04-20,51,101.7,North,Email,28,3.5,4.0,3889.32,0
1744,2024-08-14,44,,North,Social,4,6.9,6.0,2418.29,0
1745,2025-05-19,40,73.7,West,Search,14,6.7,6.0,3318.86,0
1746,2024-06-29,29,67.4,South,Social,10,5.9,9.0,2411.81,0
1747,2025-07-10,37,41.3,South,Social,9,5.4,7.0,1964.21,0
1748,2024-11-17,50,66.9,West,Referral,15,7.1,7.0,3317.43,0
1749,2024-12-16,47,68.5,South,Email,21,4.1,7.0,2992.92,0
1750,2025-02-27,35,114.2,East,Search,30,0.9,3.0,4736.86,1
1751,2024-03-02,18,38.8,East,Social,8,5.5,3.0,2046.03,1
1752,2024-09-25,33,45.6,South,Social,6,7.3,6.0,2041.41,0
1753,2024-05-28,35,,East,Social,7,3.1,8.0,2609.66,0
1754,2025-12-04,30,69.4,West,Search,10,1.6,7.0,2937.79,0
1755,2024-11-03,36,78.3,North,Direct Mail,22,9.1,,3447.42,0
1756,2024-01-05,51,38.0,North,Email,4,8.7,7.0,1652.88,0
1757,2024-01-19,41,53.5,West,Email,8,6.3,6.0,2488.51,0
1758,2025-10-28,53,103.8,South,Social,27,7.9,8.0,3636.81,0
1759,2024-04-24,23,42.6,South,Social,5,9.7,8.0,1593.9,0
1760,2024-01-01,37,60.8,North,Email,17,5.8,6.0,2950.88,0
1761,2024-06-03,18,66.6,West,Referral,12,2.6,7.0,2381.37,0
1762,2024-06-07,36,42.4,East,Referral,2,6.5,7.0,2552.29,0
1763,2024-02-28,28,42.2,West,Social,5,9.2,8.0,1967.11,0
1764,2025-12-28,56,41.5,South,Social,9,7.0,10.0,2301.95,0
1765,2024-02-13,46,113.4,West,Email,35,0.5,7.0,5033.41,0
1766,2025-06-15,53,40.7,South,Social,6,9.2,9.0,2017.09,0
1767,2025-09-02,36,33.3,East,Search,6,7.6,5.0,2177.25,0
1768,2025-04-15,29,38.9,East,Referral,4,4.1,6.0,2071.56,0
1769,2024-04-06,28,47.5,South,Social,12,9.9,3.0,2140.02,0
1770,2025-06-14,44,60.4,South,Email,21,7.3,7.0,2737.3,0
1771,2024-08-28,63,40.9,North,Email,9,8.3,8.0,1629.46,1
1772,2024-10-25,46,87.7,South,Email,17,9.4,2.0,3024.84,1
1773,2024-07-02,37,79.1,East,Direct Mail,15,0.6,7.0,3803.0,0
1774,2025-07-26,39,86.0,North,Referral,25,7.8,8.0,3983.22,0
1775,2025-02-27,41,50.9,East,Referral,8,4.0,8.0,3259.72,0
1776,2024-04-23,65,84.5,South,Referral,18,8.7,5.0,3000.59,1
1777,2024-10-24,56,53.8,North,Email,9,8.8,8.0,2315.16,0
1778,2025-08-02,44,46.0,East,Search,4,8.3,7.0,2567.32,0
1779,2025-11-15,42,77.3,North,Search,12,7.8,8.0,2866.64,0
1780,2025-11-16,45,85.0,West,Email,23,8.0,7.0,3324.98,0
1781,2024-04-08,47,43.9,West,Social,12,3.1,8.0,2683.72,1
1782,2025-09-18,36,96.3,South,Search,36,4.2,9.0,3985.94,0
1783,2025-02-17,31,74.0,South,Referral,20,1.3,7.0,3453.13,0
1784,2025-06-23,53,71.1,North,Email,12,8.3,8.0,3044.15,0
1785,2024-10-08,41,97.4,East,Referral,24,6.5,9.0,3801.71,0
1786,2025-04-20,52,55.0,North,Direct Mail,16,6.2,,2767.1,0
1787,2024-07-07,61,114.1,West,Direct Mail,18,2.6,5.0,3938.71,0
1788,2025-01-15,47,48.6,West,Email,7,6.2,8.0,2503.03,0
1789,2024-06-13,45,58.4,North,Email,11,4.7,10.0,2920.92,0
1790,2024-10-15,75,73.1,East,Search,18,10.0,9.0,2285.19,0
1791,2024-10-24,43,55.6,South,Social,4,8.7,8.0,2492.74,0
1792,2025-09-23,28,74.0,South,Email,17,5.4,3.0,2960.21,0
1793,2025-04-03,38,42.4,North,Search,5,8.1,6.0,2685.73,1
1794,2025-04-17,60,34.9,East,Email,5,1.8,6.0,2308.5,0
1795,2024-07-26,25,,North,Social,4,1.2,7.0,2082.56,1
1796,2024-11-13,32,38.2,West,Direct Mail,7,6.4,10.0,11362.59,0
1797,2024-12-11,54,35.7,South,Social,6,7.3,5.0,1902.48,1
1798,2025-07-26,38,35.7,East,Referral,7,0.7,10.0,2805.64,0
1799,2024-05-15,40,62.4,West,Social,15,2.2,6.0,2696.19,0
1800,2024-02-09,54,53.4,East,Social,15,5.5,6.0,2858.18,0
1801,2025-01-03,32,82.0,South,Email,14,0.8,9.0,3334.2,0
1802,2025-08-16,23,36.5,South,Social,7,4.4,9.0,1523.66,0
1803,2025-06-19,24,114.0,South,Social,23,4.9,8.0,3542.94,0
1804,2025-08-14,48,75.7,South,Referral,16,9.2,6.0,3045.21,0
1805,2024-10-14,44,42.4,West,Referral,7,3.3,8.0,2526.46,0
1806,2024-06-15,33,34.2,North,Email,9,1.9,5.0,2388.33,1
1807,2025-04-26,27,66.7,South,Email,11,0.3,6.0,2725.25,0
1808,2024-01-28,38,48.7,East,Search,4,1.4,7.0,2690.18,0
1809,2025-10-15,54,89.1,South,Social,13,7.6,6.0,3566.42,0
1810,2025-06-05,31,94.1,West,Email,21,4.6,9.0,3763.02,0
1811,2025-01-02,33,43.3,North,Email,5,2.1,6.0,2457.52,1
1812,2024-05-25,27,35.3,North,Email,3,9.3,7.0,1562.77,1
1813,2024-07-01,37,82.4,East,Social,29,7.9,5.0,4314.37,0
1814,2025-12-28,45,80.0,South,Email,14,1.3,9.0,3238.01,0
1815,2024-01-11,66,42.6,West,Search,8,2.8,6.0,1352.84,1
1816,2024-01-07,44,93.7,South,Social,35,8.5,9.0,4290.08,0
1817,2024-09-10,40,121.2,North,Social,23,7.0,9.0,4401.71,0
1818,2024-06-16,51,71.1,South,Social,4,9.5,6.0,2667.32,0
1819,2025-05-09,49,68.8,South,Email,16,0.9,7.0,2798.07,0
1820,2024-01-31,34,,East,Referral,5,7.8,6.0,2741.87,0
1821,2025-07-27,69,32.4,North,Search,7,0.9,,1363.77,0
1822,2025-07-25,41,63.4,South,Referral,13,3.5,,2628.75,1
1823,2024-06-16,44,48.1,West,Social,8,7.6,6.0,2495.65,0
1824,2025-02-26,48,79.8,South,Social,15,7.2,7.0,3110.42,0
1825,2025-05-05,45,123.6,East,Email,19,0.2,4.0,4526.0,1
1826,2025-09-11,59,43.6,North,Social,2,2.2,7.0,2366.88,0
1827,2025-06-18,34,63.9,West,Search,18,7.8,8.0,3106.48,0
1828,2025-12-03,50,30.9,North,Social,6,1.4,7.0,2214.99,1
1829,2024-03-25,43,102.9,South,Email,23,3.4,9.0,4000.11,0
1830,2025-03-21,53,40.0,South,Email,3,2.0,6.0,2015.35,0
1831,2025-07-18,38,65.9,North,Email,17,1.3,6.0,2784.32,0
1832,2024-06-18,37,72.6,South,Social,13,8.4,5.0,3398.09,0
1833,2024-06-08,50,62.9,North,Search,15,0.8,6.0,3219.96,1
1834,2024-03-08,45,65.9,West,Direct Mail,17,5.5,10.0,3613.89,0
1835,2025-12-20,31,75.8,North,Email,13,7.0,7.0,3306.53,0
1836,2025-09-24,57,75.0,West,Email,11,0.8,6.0,3021.85,1
1837,2024-03-29,50,,South,Email,16,6.4,5.0,2144.73,1
1838,2024-06-27,40,116.8,North,Email,29,3.5,4.0,4092.03,0
1839,2024-11-30,35,68.9,South,Search,19,8.4,6.0,3082.05,0
1840,2025-10-14,45,81.8,North,Email,15,8.0,8.0,3391.9,0
1841,2025-08-25,49,42.0,West,Affiliate,7,8.0,6.0,2364.79,0
1842,2025-10-03,22,70.2,North,Referral,12,4.1,5.0,1893.36,0
1843,2025-08-27,46,57.0,West,Social,11,8.3,5.0,2886.79,0
1844,2025-04-03,49,62.9,North,Direct Mail,9,6.4,8.0,2598.49,0
1845,2024-07-31,18,30.2,South,Search,5,3.9,7.0,955.86,0
1846,2025-03-16,43,98.7,North,Affiliate,18,1.0,6.0,4059.98,0
1847,2024-12-26,49,63.7,East,Email,15,0.9,6.0,2987.77,1
1848,2025-11-25,48,68.1,South,Affiliate,28,2.7,10.0,2920.24,0
1849,2024-11-23,51,39.2,West,Email,7,3.1,9.0,2440.6,0
1850,2025-07-05,37,104.2,South,Social,26,9.3,10.0,4084.76,0
1851,2024-05-06,29,,North,Direct Mail,8,10.0,4.0,2158.45,1
1852,2025-05-13,19,44.9,East,Social,4,1.6,7.0,2317.23,0
1853,2024-11-27,54,101.4,South,Email,27,9.4,6.0,3472.55,0
1854,2024-11-14,49,116.5,West,Email,24,7.1,8.0,4040.9,0
1855,2025-07-04,55,46.6,South,Email,5,5.1,9.0,1783.74,1
1856,2024-12-19,32,73.4,East,Social,14,9.6,8.0,2852.03,0
1857,2024-02-13,51,59.8,North,Social,13,7.2,5.0,2951.05,1
1858,2024-10-10,23,101.1,West,Social,30,6.0,6.0,3429.52,1
1859,2025-12-04,31,67.1,North,Referral,14,2.3,8.0,2497.5,0
1860,2025-11-21,43,82.7,West,Email,12,2.6,8.0,3567.7,0
1861,2025-03-24,49,83.4,North,Referral,12,9.1,7.0,3598.98,0
1862,2025-04-10,61,54.7,East,Search,14,2.3,7.0,3066.57,1
1863,2024-07-10,38,88.0,West,Search,13,0.5,7.0,3781.37,0
1864,2025-07-23,31,60.7,West,Search,6,2.8,7.0,2430.64,1
1865,2025-03-13,30,42.3,South,Referral,3,4.9,8.0,1981.38,1
1866,2024-01-28,33,102.9,South,Email,22,3.9,8.0,3800.54,0
1867,2025-11-24,68,95.7,West,Search,26,9.4,7.0,3344.73,0
1868,2025-09-14,50,71.9,South,Referral,12,4.3,7.0,2985.64,1
1869,2024-02-29,54,42.5,East,Search,7,8.9,7.0,2253.78,0
1870,2024-10-31,38,43.3,North,Email,7,6.0,6.0,2209.22,1
1871,2025-06-26,41,69.8,South,Search,13,5.3,6.0,3016.21,0
1872,2025-06-22,49,50.9,South,Referral,4,1.8,8.0,2737.71,0
1873,2024-05-02,35,103.0,East,Email,26,2.9,6.0,4522.12,0
1874,2024-01-30,38,66.7,North,Search,10,8.7,8.0,3113.02,0
1875,2025-12-19,33,76.8,South,Referral,13,7.8,7.0,2955.87,0
1876,2025-10-14,36,108.6,West,Social,29,4.6,8.0,4240.84,0
1877,2025-06-23,42,73.9,South,Email,15,9.1,8.0,2677.22,0
1878,2025-04-26,31,34.1,West,Social,3,8.2,9.0,1812.92,0
1879,2025-05-16,44,59.6,North,Search,16,1.3,6.0,2737.66,0
1880,2024-11-29,44,63.5,South,Social,12,6.1,8.0,2929.64,1
1881,2025-05-14,39,,South,Search,8,8.0,8.0,2903.64,0
1882,2024-08-09,31,74.3,South,Social,12,8.1,4.0,2998.06,0
1883,2024-03-02,42,95.3,East,Referral,26,1.1,,4459.89,0
1884,2024-08-15,35,66.8,North,Referral,10,2.4,10.0,2907.14,0
1885,2024-08-02,42,43.4,South,Referral,6,4.2,9.0,1965.04,0
1886,2024-08-09,54,78.9,North,Social,24,2.7,8.0,3423.02,0
1887,2024-12-09,26,69.9,East,Email,14,1.3,8.0,2811.54,0
1888,2024-04-05,67,44.9,West,Search,4,6.4,6.0,2172.39,1
1889,2024-10-24,40,37.8,North,Email,2,5.2,7.0,2094.24,1
1890,2024-12-04,46,67.5,South,Social,19,1.7,9.0,2969.58,0
1891,2024-05-17,32,48.3,South,Email,5,5.9,5.0,2317.74,0
1892,2024-11-27,55,100.1,East,Social,29,0.8,5.0,4030.27,0
1893,2025-05-07,39,33.6,North,Search,4,4.0,6.0,2369.78,1
1894,2024-10-27,36,45.9,South,Social,9,8.0,8.0,1900.62,0
1895,2024-01-02,34,73.1,East,Social,18,8.9,5.0,3478.1,0
1896,2025-05-28,38,90.8,South,Email,26,2.6,7.0,3555.77,0
1897,2025-02-26,46,48.1,East,Social,1,8.6,7.0,2889.51,1
1898,2024-11-02,43,43.7,South,Social,4,8.9,5.0,10533.28,1
1899,2024-01-17,41,42.9,West,Referral,7,6.1,3.0,2091.74,1
1900,2024-03-05,32,72.1,North,Referral,15,9.8,5.0,3216.01,0
1901,2024-02-27,32,80.2,North,Direct Mail,10,2.6,7.0,3007.56,0
1902,2025-09-14,35,39.8,South,Email,6,0.9,8.0,2018.74,0
1903,2024-08-13,47,43.4,South,Email,6,8.5,8.0,2056.82,1
1904,2024-11-06,49,53.3,East,Social,18,5.0,8.0,3317.88,0
1905,2025-05-23,51,92.7,North,Search,31,3.6,6.0,3989.15,0
1906,2025-04-23,41,,North,Search,13,0.7,5.0,2933.32,0
1907,2024-02-17,46,52.8,East,Referral,13,0.8,8.0,2689.7,0
1908,2025-11-09,39,35.6,South,Social,11,1.1,7.0,2239.54,0
1909,2024-07-12,20,31.0,East,Social,2,2.0,9.0,1390.02,1
1910,2025-07-14,38,46.4,East,Direct Mail,7,9.7,8.0,2519.38,0
1911,2025-08-30,36,63.7,North,Email,18,3.0,9.0,2629.61,0
1912,2025-01-28,29,89.4,East,Referral,37,8.2,6.0,3914.05,0
1913,2024-04-28,34,108.6,West,Search,17,0.4,9.0,4278.16,0
1914,2025-02-01,43,99.1,West,Email,25,3.4,10.0,4122.69,0
1915,2024-06-27,27,121.9,North,Direct Mail,33,9.1,7.0,4160.48,0
1916,2025-09-12,32,108.9,South,Referral,44,2.0,8.0,4200.98,0
1917,2025-07-04,60,42.6,West,Search,5,3.0,5.0,2264.14,1
1918,2025-08-24,22,30.0,East,Email,7,8.3,9.0,1834.98,0
1919,2025-08-27,39,43.6,South,Email,7,1.4,9.0,2259.26,0
1920,2024-05-10,27,72.1,North,Search,16,0.7,6.0,2603.35,0
1921,2024-01-23,32,43.2,East,Email,2,9.7,8.0,2428.9,0
1922,2025-04-02,39,101.9,East,Email,28,4.2,8.0,3847.39,0
1923,2025-03-24,29,65.3,West,Social,9,6.6,8.0,2910.21,0
1924,2025-09-23,48,61.5,West,Email,12,1.4,8.0,2713.09,0
1925,2025-04-10,57,37.3,South,Search,8,2.4,8.0,2294.33,1
1926,2025-08-09,51,35.2,East,Social,5,4.7,7.0,1792.59,1
1927,2024-09-11,53,29.1,North,Email,3,6.8,8.0,2415.1,0
1928,2024-04-01,24,112.5,North,Social,25,3.1,9.0,3374.0,0
1929,2024-01-28,38,,North,Email,16,8.9,6.0,2552.42,1
1930,2024-11-14,47,75.8,West,Email,14,7.9,7.0,3432.9,0
1931,2024-01-02,51,44.7,North,Social,5,5.6,4.0,2548.22,1
1932,2025-01-13,62,61.1,South,Social,11,4.7,8.0,2342.32,0
1933,2024-10-19,54,74.5,South,Social,10,6.3,9.0,3139.28,0
1934,2024-07-07,52,63.5,South,Search,15,7.4,7.0,2580.7,1
1935,2025-03-07,73,56.7,South,Social,13,1.5,7.0,1737.03,0
1936,2025-05-11,42,45.6,North,Search,1,8.6,7.0,2280.46,0
1937,2024-01-29,38,102.2,South,Social,26,5.0,6.0,3690.22,0
1938,2024-12-13,43,45.7,South,Search,6,9.4,7.0,1774.06,0
1939,2025-11-16,30,134.4,West,Search,22,9.6,6.0,4541.39,0
1940,2024-08-05,42,42.2,East,Email,9,0.5,7.0,2648.3,0
1941,2025-07-24,20,42.9,West,Search,7,4.0,5.0,2120.13,0
1942,2024-09-02,35,,South,Referral,24,5.4,8.0,3191.4,0
1943,2024-07-17,40,44.6,North,Email,6,5.5,7.0,2242.95,0
1944,2025-09-17,52,64.1,South,Search,15,8.3,6.0,3113.91,0
1945,2024-09-17,54,83.1,West,Referral,22,1.6,7.0,3658.66,0
1946,2025-09-24,29,45.3,North,Email,8,6.3,7.0,2355.39,0
1947,2025-04-22,66,50.1,North,Referral,15,9.4,,2386.29,0
1948,2025-08-16,43,78.2,West,Social,26,10.0,6.0,3741.0,0
1949,2025-08-17,44,102.1,West,Search,26,0.3,8.0,4624.87,0
1950,2025-10-29,22,38.3,North,Referral,10,9.7,6.0,1828.2,0
1951,2025-02-09,34,82.6,East,Affiliate,10,1.4,8.0,3200.45,0
1952,2025-11-26,54,40.1,South,Search,8,5.5,9.0,2280.49,0
1953,2024-02-13,43,33.2,South,Search,9,2.6,9.0,1908.65,1
1954,2024-12-25,42,35.4,South,Email,6,6.1,10.0,2016.02,0
1955,2024-10-16,44,101.2,West,Email,15,0.6,8.0,4029.85,1
1956,2024-03-11,24,91.8,North,Referral,28,2.5,9.0,3185.25,0
1957,2025-09-29,40,62.8,East,Social,14,3.1,,3070.92,0
1958,2025-08-07,58,62.6,North,Referral,9,9.2,5.0,2840.72,1
1959,2025-06-30,54,75.2,East,Email,16,5.9,6.0,3317.95,0
1960,2025-04-07,39,74.4,East,Email,9,7.1,4.0,3609.83,1
1961,2025-03-15,60,70.2,East,Email,7,6.8,9.0,2784.0,0
1962,2024-10-04,26,57.2,West,Social,15,4.0,4.0,2321.32,1
1963,2025-05-13,29,46.4,East,Email,3,0.3,4.0,2892.32,0
1964,2025-12-13,63,31.7,East,Social,8,1.2,5.0,1711.09,1
1965,2024-07-02,48,114.1,North,Affiliate,36,4.7,4.0,4492.05,0
1966,2024-09-04,38,77.4,West,Referral,10,9.4,7.0,3747.99,0
1967,2024-03-20,40,118.2,South,Search,26,2.6,5.0,4200.97,0
1968,2025-10-24,31,33.9,South,Email,9,7.0,4.0,2213.91,1
1969,2025-01-21,44,46.1,South,Social,16,8.3,7.0,2639.04,0
1970,2025-03-08,43,41.8,South,Search,6,9.1,7.0,2189.28,0
1971,2024-07-13,41,35.0,East,Email,9,3.1,4.0,2477.98,1
1972,2024-01-27,27,37.9,South,Social,4,9.3,,1174.33,0
1973,2025-08-10,44,37.2,North,Direct Mail,7,6.2,7.0,2208.63,0
1974,2025-09-20,35,106.4,West,Email,24,5.2,6.0,4161.93,0
1975,2024-09-05,29,42.6,West,Referral,7,7.8,6.0,2285.38,0
1976,2025-07-10,56,68.2,South,Email,9,2.5,9.0,3350.72,0
1977,2025-02-21,67,65.7,West,Email,15,8.2,10.0,2730.0,0
1978,2025-04-14,64,66.9,South,Email,11,6.6,6.0,2632.84,0
1979,2024-05-06,49,69.8,South,Direct Mail,12,8.0,5.0,3208.44,0
1980,2025-03-24,38,37.5,West,Search,8,8.6,7.0,2493.33,0
1981,2024-04-27,40,81.4,East,Search,23,6.3,7.0,3752.43,0
1982,2024-06-08,46,104.3,East,Social,29,0.6,7.0,4393.69,0
1983,2024-09-17,36,77.4,South,Referral,18,3.1,8.0,3014.83,1
1984,2024-06-05,57,58.6,South,Search,17,8.8,10.0,2734.24,0
1985,2025-10-25,18,43.5,North,Search,8,6.3,4.0,1626.52,1
1986,2024-01-22,37,104.2,West,Search,23,8.9,6.0,4236.43,0
1987,2025-10-21,51,38.1,North,Search,6,4.0,10.0,1997.79,0
1988,2024-04-22,31,43.3,South,Search,3,5.1,6.0,2000.73,1
1989,2025-09-27,38,35.9,North,Email,4,8.7,8.0,2559.14,0
1990,2024-09-02,48,72.2,East,Referral,23,7.7,8.0,3534.8,0
1991,2025-11-03,59,68.9,South,Email,12,3.9,9.0,3180.93,0
1992,2025-01-29,25,69.5,East,Affiliate,18,0.4,10.0,3064.3,0
1993,2024-12-23,25,83.6,South,Social,12,8.8,8.0,2779.26,0
1994,2024-04-05,30,43.0,North,Email,11,7.9,4.0,2279.32,0
1995,2024-11-12,23,121.1,North,Social,22,4.6,6.0,3808.78,0
1996,2025-02-11,23,70.4,North,Search,13,5.6,,2097.41,0
1997,2025-12-18,29,62.1,East,Social,13,2.2,4.0,3151.0,0
1998,2024-07-11,56,37.6,West,Referral,7,4.2,8.0,2840.51,0
1999,2024-03-01,37,95.4,South,Search,28,1.8,2.0,3825.26,1
2000,2024-07-04,41,43.4,South,Email,11,2.3,5.0,2443.49,1
